<?xml version="1.0" encoding="UTF-8"?>
<metadata>
<idinfo>
<citation>
<citeinfo>
<title>Address_Point</title>
<geoform>vector digital data</geoform>
</citeinfo>
</citation>
<descript>
<abstract>A spatial data layer containing point geometry features for representing both the physical and mailing addresses for properties, buildings, and sub-address locations in Baltimore City, as documented in the City's real property and property location database sources. The data employs what's referred to as the City native schema/data standard, which has specific attribute field names, field formats, and data standards to support internal City services. The data contained in this data layer (number of features, accuracy, point locations) will match the data in the other address point data layer on Open Baltimore (“Address Point (NG911)”), just the format of the attribute field names and data standards will be different, as well as some internal City attributes fields have been added to support internal City services not related to a NG911 system. This data also employs the NAD 1983 StatePlane Maryland FIPS 1900 (US Feet) projected coordinate system (WKID: 2248). Data is updated on a quarterly basis.</abstract>
<purpose>A spatial data layer containing point geometry features for representing both the physical and mailing addresses for properties, buildings, and sub-address locations in Baltimore City, in the City native schema/data standard.</purpose>
</descript>
<keywords>
<theme>
<themekt>None</themekt>
<themekey>City Government</themekey>
<themekey>Geographic</themekey>
<themekey>Geo Spatial</themekey>
<themekey>City Services</themekey>
<themekey>Address</themekey>
</theme>
</keywords>
<accconst>None</accconst>
<useconst>None</useconst>
<datacred>City of Baltimore</datacred>
<native>Esri ArcGIS 13.5.2.57366</native>
</idinfo>
<spdoinfo>
<direct>Vector</direct>
<ptvctinf>
<sdtsterm>
<sdtstype>Entity point</sdtstype>
<ptvctcnt>0</ptvctcnt>
</sdtsterm>
</ptvctinf>
</spdoinfo>
<eainfo>
<detailed>
<enttyp>
<enttypl>Address_Point</enttypl>
</enttyp>
<attr>
<attrlabl>OBJECTID</attrlabl>
<attrdef>Internal feature number.</attrdef>
<attrdefs>Esri</attrdefs>
<attrdomv>
<udom>Sequential unique whole numbers that are automatically generated.</udom>
</attrdomv>
</attr>
<attr>
<attrlabl>Shape</attrlabl>
<attrdef>Feature geometry.</attrdef>
<attrdefs>Esri</attrdefs>
<attrdomv>
<udom>Coordinates defining the features.</udom>
</attrdomv>
</attr>
<attr>
<attrlabl>edit_date</attrlabl>
</attr>
<attr>
<attrlabl>country</attrlabl>
</attr>
<attr>
<attrlabl>state</attrlabl>
</attr>
<attr>
<attrlabl>county</attrlabl>
</attr>
<attr>
<attrlabl>inc_muni</attrlabl>
</attr>
<attr>
<attrlabl>addr_numbe</attrlabl>
</attr>
<attr>
<attrlabl>addr_frac</attrlabl>
</attr>
<attr>
<attrlabl>st_dir</attrlabl>
</attr>
<attr>
<attrlabl>st_name</attrlabl>
</attr>
<attr>
<attrlabl>st_type</attrlabl>
</attr>
<attr>
<attrlabl>zip_code</attrlabl>
</attr>
<attr>
<attrlabl>extd_zip</attrlabl>
</attr>
<attr>
<attrlabl>unit</attrlabl>
</attr>
<attr>
<attrlabl>coord_x</attrlabl>
</attr>
<attr>
<attrlabl>coord_y</attrlabl>
</attr>
<attr>
<attrlabl>created_user</attrlabl>
</attr>
<attr>
<attrlabl>created_date</attrlabl>
</attr>
<attr>
<attrlabl>last_edited_user</attrlabl>
</attr>
<attr>
<attrlabl>last_edited_date</attrlabl>
</attr>
<attr>
<attrlabl>external_nguid</attrlabl>
</attr>
<attr>
<attrlabl>blocklot</attrlabl>
</attr>
<attr>
<attrlabl>full_addr</attrlabl>
</attr>
<attr>
<attrlabl>address_id</attrlabl>
</attr>
<attr>
<attrlabl>cline_id</attrlabl>
</attr>
<attr>
<attrlabl>editor</attrlabl>
</attr>
<attr>
<attrlabl>loc_name</attrlabl>
</attr>
<attr>
<attrlabl>dirsuf</attrlabl>
</attr>
<attr>
<attrlabl>com_idnfr</attrlabl>
</attr>
</detailed>
</eainfo>
<metainfo>
<metd>20260116</metd>
<metstdn>FGDC Content Standard for Digital Geospatial Metadata</metstdn>
<metstdv>FGDC-STD-001-1998</metstdv>
<mettc>local time</mettc>
</metainfo>
</metadata>
