<?xml version="1.0" encoding="UTF-8"?>
<metadata>
<idinfo>
<citation>
<citeinfo>
<title>Baltimore_Gateways</title>
<geoform>vector digital data</geoform>
</citeinfo>
</citation>
<descript>
<purpose>This data represents Baltimore City's main roads (gateways) to get in and out of Baltimore City., as designated by the City of Baltimore Department of Transportation.</purpose>
</descript>
<keywords>
<theme>
<themekt>None</themekt>
<themekey>Gateways</themekey>
<themekey>Transportation</themekey>
<themekey>DOT</themekey>
</theme>
</keywords>
<accconst>None</accconst>
<useconst>None</useconst>
<datacred>City of Baltimore, Department of Transportation (DOT)</datacred>
<native>Esri ArcGIS 13.5.2.57366</native>
</idinfo>
<spdoinfo>
<direct>Vector</direct>
<ptvctinf>
<sdtsterm>
<sdtstype>String</sdtstype>
<ptvctcnt>0</ptvctcnt>
</sdtsterm>
</ptvctinf>
</spdoinfo>
<eainfo>
<detailed>
<enttyp>
<enttypl>Baltimore_Gateways</enttypl>
</enttyp>
<attr>
<attrlabl>OBJECTID</attrlabl>
<attrdef>Internal feature number.</attrdef>
<attrdefs>Esri</attrdefs>
<attrdomv>
<udom>Sequential unique whole numbers that are automatically generated.</udom>
</attrdomv>
</attr>
<attr>
<attrlabl>Shape</attrlabl>
<attrdef>Feature geometry.</attrdef>
<attrdefs>ESRI</attrdefs>
<attrdomv>
<udom>Coordinates defining the features.</udom>
</attrdomv>
</attr>
<attr>
<attrlabl>STREETCL_</attrlabl>
</attr>
<attr>
<attrlabl>SUBTYPE</attrlabl>
</attr>
<attr>
<attrlabl>SYMBOL</attrlabl>
</attr>
<attr>
<attrlabl>L_F_ADD</attrlabl>
</attr>
<attr>
<attrlabl>L_T_ADD</attrlabl>
</attr>
<attr>
<attrlabl>R_F_ADD</attrlabl>
</attr>
<attr>
<attrlabl>R_T_ADD</attrlabl>
</attr>
<attr>
<attrlabl>PRE_DIR</attrlabl>
</attr>
<attr>
<attrlabl>ST_NAME</attrlabl>
</attr>
<attr>
<attrlabl>ST_TYPE</attrlabl>
</attr>
<attr>
<attrlabl>SUF_DIR</attrlabl>
</attr>
<attr>
<attrlabl>ZIPL</attrlabl>
</attr>
<attr>
<attrlabl>ZIP_EXTL</attrlabl>
</attr>
<attr>
<attrlabl>ZIPR</attrlabl>
</attr>
<attr>
<attrlabl>ZIP_EXTR</attrlabl>
</attr>
<attr>
<attrlabl>ONEWAY</attrlabl>
</attr>
<attr>
<attrlabl>SUFF_TYPE</attrlabl>
</attr>
<attr>
<attrlabl>SUFF_ID</attrlabl>
</attr>
<attr>
<attrlabl>SUFF_MAT</attrlabl>
</attr>
<attr>
<attrlabl>IDNUM</attrlabl>
</attr>
<attr>
<attrlabl>CFCC</attrlabl>
</attr>
<attr>
<attrlabl>FIRE_L</attrlabl>
</attr>
<attr>
<attrlabl>FIRE_R</attrlabl>
</attr>
<attr>
<attrlabl>POLICE_L</attrlabl>
</attr>
<attr>
<attrlabl>POLICE_R</attrlabl>
</attr>
<attr>
<attrlabl>EMS_R</attrlabl>
</attr>
<attr>
<attrlabl>EMS_L</attrlabl>
</attr>
<attr>
<attrlabl>FULLNAME</attrlabl>
</attr>
<attr>
<attrlabl>BLOCKTEXT</attrlabl>
</attr>
<attr>
<attrlabl>Shape_Leng</attrlabl>
</attr>
<attr>
<attrlabl>Shape_Length</attrlabl>
<attrdef>Length of feature in internal units.</attrdef>
<attrdefs>Esri</attrdefs>
<attrdomv>
<udom>Positive real numbers that are automatically generated.</udom>
</attrdomv>
</attr>
</detailed>
</eainfo>
<distinfo>
<distliab>See access and use constraints information.</distliab>
<stdorder>
<digform>
<digtinfo>
<formname>Shapefile</formname>
<transize>0.260</transize>
</digtinfo>
<digtopt>
<onlinopt>
</onlinopt>
</digtopt>
</digform>
</stdorder>
</distinfo>
<metainfo>
<metd>20260121</metd>
<metstdn>FGDC Content Standard for Digital Geospatial Metadata</metstdn>
<metstdv>FGDC-STD-001-1998</metstdv>
<mettc>local time</mettc>
</metainfo>
</metadata>
