<?xml version="1.0" encoding="UTF-8"?>
<metadata>
<idinfo>
<citation>
<citeinfo>
<title>bus_stops</title>
<geoform>vector digital data</geoform>
</citeinfo>
</citation>
<descript>
<abstract>This dataset represents the locations of MTA bus stops within the City of Baltimore as of 2022. For current MTA bus stops data, please visit the State of Maryland's iMAP open data portal: https://data.imap.maryland.gov/datasets/maryland::maryland-transit-mta-bus-stops/about</abstract>
<purpose>This dataset represents the locations of MTA bus stops within the City of Baltimore as of 2022.</purpose>
</descript>
<keywords>
<theme>
<themekt>None</themekt>
<themekey>Bus</themekey>
<themekey>Bus Stops</themekey>
<themekey>Bus Station</themekey>
<themekey>Transportation</themekey>
<themekey>DOT</themekey>
<themekey>Maryland Transit Authority</themekey>
<themekey>MTA</themekey>
<themekey>Mass Transit</themekey>
<themekey>Transit</themekey>
</theme>
</keywords>
<accconst>None</accconst>
<useconst>None</useconst>
<datacred>State of Maryland, Maryland Transit Authority (MTA), City of Baltimore</datacred>
<native>Esri ArcGIS 13.5.2.57366</native>
</idinfo>
<spdoinfo>
<direct>Vector</direct>
<ptvctinf>
<sdtsterm>
<sdtstype>Entity point</sdtstype>
<ptvctcnt>0</ptvctcnt>
</sdtsterm>
</ptvctinf>
</spdoinfo>
<eainfo>
<detailed>
<enttyp>
<enttypl>Bus_stops</enttypl>
</enttyp>
<attr>
<attrlabl>OBJECTID_1</attrlabl>
<attrdef>Internal feature number.</attrdef>
<attrdefs>Esri</attrdefs>
<attrdomv>
<udom>Sequential unique whole numbers that are automatically generated.</udom>
</attrdomv>
</attr>
<attr>
<attrlabl>OBJECTID</attrlabl>
</attr>
<attr>
<attrlabl>stop_name</attrlabl>
</attr>
<attr>
<attrlabl>Rider_On</attrlabl>
</attr>
<attr>
<attrlabl>Rider_Off</attrlabl>
</attr>
<attr>
<attrlabl>Rider_Tota</attrlabl>
</attr>
<attr>
<attrlabl>Stop_Rider</attrlabl>
</attr>
<attr>
<attrlabl>Routes_Ser</attrlabl>
</attr>
<attr>
<attrlabl>Distributi</attrlabl>
</attr>
<attr>
<attrlabl>Mode</attrlabl>
</attr>
<attr>
<attrlabl>Shelter</attrlabl>
</attr>
<attr>
<attrlabl>County</attrlabl>
</attr>
<attr>
<attrlabl>stop_id</attrlabl>
</attr>
<attr>
<attrlabl>Shape</attrlabl>
<attrdef>Feature geometry.</attrdef>
<attrdefs>Esri</attrdefs>
<attrdomv>
<udom>Coordinates defining the features.</udom>
</attrdomv>
</attr>
</detailed>
</eainfo>
<metainfo>
<metd>20260121</metd>
<metstdn>FGDC Content Standard for Digital Geospatial Metadata</metstdn>
<metstdv>FGDC-STD-001-1998</metstdv>
<mettc>local time</mettc>
</metainfo>
</metadata>
