<?xml version="1.0" encoding="UTF-8"?>
<metadata>
<idinfo>
<citation>
<citeinfo>
<title>MARC_Train</title>
<geoform>vector digital data</geoform>
</citeinfo>
</citation>
<descript>
<purpose>This data represents the location of Maryland Area Rail Commuter (MARC) train rail lines in Baltimore City, as administered by the Maryland Transit Authority (MTA).</purpose>
</descript>
<keywords>
<theme>
<themekt>None</themekt>
<themekey>Maryland Area Rail Commuter</themekey>
<themekey>MARC</themekey>
<themekey>Maryland Transit Authority</themekey>
<themekey>MTA</themekey>
<themekey>Train</themekey>
<themekey>Railway</themekey>
<themekey>Transportation</themekey>
<themekey>DOT</themekey>
<themekey>State of Maryland</themekey>
</theme>
</keywords>
<accconst>None</accconst>
<useconst>None</useconst>
<datacred>State of Maryland, Maryland Transit Authority (MTA), City of Baltimore</datacred>
<native>Esri ArcGIS 13.5.2.57366</native>
</idinfo>
<spdoinfo>
<direct>Vector</direct>
<ptvctinf>
<sdtsterm>
<sdtstype>String</sdtstype>
<ptvctcnt>0</ptvctcnt>
</sdtsterm>
</ptvctinf>
</spdoinfo>
<eainfo>
<detailed>
<enttyp>
<enttypl>MARC_Train</enttypl>
</enttyp>
<attr>
<attrlabl>Shape_Length</attrlabl>
<attrdef>Length of feature in internal units.</attrdef>
<attrdefs>Esri</attrdefs>
<attrdomv>
<udom>Positive real numbers that are automatically generated.</udom>
</attrdomv>
</attr>
<attr>
<attrlabl>OBJECTID</attrlabl>
<attrdef>Internal feature number.</attrdef>
<attrdefs>ESRI</attrdefs>
<attrdomv>
<udom>Sequential unique whole numbers that are automatically generated.</udom>
</attrdomv>
</attr>
<attr>
<attrlabl>Shape</attrlabl>
<attrdef>Feature geometry.</attrdef>
<attrdefs>ESRI</attrdefs>
<attrdomv>
<udom>Coordinates defining the features.</udom>
</attrdomv>
</attr>
<attr>
<attrlabl>SHAPE</attrlabl>
<attrdef>Feature geometry.</attrdef>
<attrdefs>ESRI</attrdefs>
<attrdomv>
<udom>Coordinates defining the features.</udom>
</attrdomv>
</attr>
<attr>
<attrlabl>TAG</attrlabl>
<attrdef>Internal feature number.</attrdef>
<attrdefs>ESRI</attrdefs>
<attrdomv>
<udom>Sequential unique whole numbers that are automatically generated.</udom>
</attrdomv>
</attr>
<attr>
<attrlabl>TYPE</attrlabl>
<attrdef>Internal feature number.</attrdef>
<attrdefs>ESRI</attrdefs>
<attrdomv>
<udom>Sequential unique whole numbers that are automatically generated.</udom>
</attrdomv>
</attr>
<attr>
<attrlabl>SUBTYPE</attrlabl>
<attrdef>Internal feature number.</attrdef>
<attrdefs>ESRI</attrdefs>
<attrdomv>
<udom>Sequential unique whole numbers that are automatically generated.</udom>
</attrdomv>
</attr>
<attr>
<attrlabl>Shape_Leng</attrlabl>
<attrdef>Internal feature number.</attrdef>
<attrdefs>ESRI</attrdefs>
<attrdomv>
<udom>Sequential unique whole numbers that are automatically generated.</udom>
</attrdomv>
</attr>
<attr>
<attrlabl>SubTypeCod</attrlabl>
<attrdef>Internal feature number.</attrdef>
<attrdefs>ESRI</attrdefs>
<attrdomv>
<udom>Sequential unique whole numbers that are automatically generated.</udom>
</attrdomv>
</attr>
<attr>
<attrlabl>SYMBOL</attrlabl>
<attrdef>Internal feature number.</attrdef>
<attrdefs>ESRI</attrdefs>
<attrdomv>
<udom>Sequential unique whole numbers that are automatically generated.</udom>
</attrdomv>
</attr>
<attr>
<attrlabl>LINE</attrlabl>
</attr>
<attr>
<attrlabl>created_user</attrlabl>
</attr>
<attr>
<attrlabl>created_date</attrlabl>
</attr>
<attr>
<attrlabl>last_edited_user</attrlabl>
</attr>
<attr>
<attrlabl>last_edited_date</attrlabl>
<attrdef>Length of feature in internal units.</attrdef>
<attrdefs>Esri</attrdefs>
<attrdomv>
<udom>Positive real numbers that are automatically generated.</udom>
</attrdomv>
</attr>
</detailed>
</eainfo>
<distinfo>
<distliab>See access and use constraints information.</distliab>
<stdorder>
<digform>
<digtinfo>
<formname>Shapefile</formname>
<transize>0.151</transize>
</digtinfo>
<digtopt>
<onlinopt>
</onlinopt>
</digtopt>
</digform>
</stdorder>
</distinfo>
<metainfo>
<metd>20260121</metd>
<metstdn>FGDC Content Standard for Digital Geospatial Metadata</metstdn>
<metstdv>FGDC-STD-001-1998</metstdv>
<mettc>local time</mettc>
</metainfo>
</metadata>
