<?xml version="1.0" encoding="UTF-8"?>
<metadata>
<idinfo>
<citation>
<citeinfo>
<title>Neighborhood_NSA</title>
<geoform>vector digital data</geoform>
</citeinfo>
</citation>
<descript>
<abstract>These boundaries were developed by the Department of Planning based on 2020 Census data. Be aware that other organizations may use different neighborhood boundaries in their analyses.Demographics included are: race, ethnicity, gender, vacancy rate, homeowner status, family structure, and age.</abstract>
<purpose>Official Baltimore City Neighborhood Statistical Area (NSA) boundaries, including demographic statistics for each neighborhood based on 2020 Census data.</purpose>
</descript>
<spdom>
<bounding>
<westbc>-76.712080</westbc>
<eastbc>-76.528947</eastbc>
<northbc>39.372558</northbc>
<southbc>39.197157</southbc>
</bounding>
</spdom>
<keywords>
<theme>
<themekt>None</themekt>
<themekey>Neighborhood</themekey>
<themekey>Neighborhood Statistical Area</themekey>
<themekey>NSA</themekey>
<themekey>Neighborhood_NSA</themekey>
<themekey>2020</themekey>
<themekey>Census</themekey>
</theme>
</keywords>
<accconst>None</accconst>
<useconst>None</useconst>
<datacred>City of Baltimore. Department of Planning (DOP)</datacred>
<native>Esri ArcGIS 13.5.2.57366</native>
</idinfo>
<spdoinfo>
<direct>Vector</direct>
<ptvctinf>
<sdtsterm>
<sdtstype>GT-polygon composed of chains</sdtstype>
<ptvctcnt>0</ptvctcnt>
</sdtsterm>
</ptvctinf>
</spdoinfo>
<eainfo>
<detailed>
<enttyp>
<enttypl>Neighborhood_NSA</enttypl>
</enttyp>
<attr>
<attrlabl>OBJECTID</attrlabl>
<attrdef>Internal feature number.</attrdef>
<attrdefs>Esri</attrdefs>
<attrdomv>
<udom>Sequential unique whole numbers that are automatically generated.</udom>
</attrdomv>
</attr>
<attr>
<attrlabl>Shape</attrlabl>
<attrdef>Feature geometry.</attrdef>
<attrdefs>Esri</attrdefs>
<attrdomv>
<udom>Coordinates defining the features.</udom>
</attrdomv>
</attr>
<attr>
<attrlabl>Name</attrlabl>
</attr>
<attr>
<attrlabl>Population</attrlabl>
</attr>
<attr>
<attrlabl>White</attrlabl>
</attr>
<attr>
<attrlabl>Blk_AfAm</attrlabl>
</attr>
<attr>
<attrlabl>AmInd_AkNa</attrlabl>
</attr>
<attr>
<attrlabl>Asian</attrlabl>
</attr>
<attr>
<attrlabl>NatHaw_Pac</attrlabl>
</attr>
<attr>
<attrlabl>Other_Race</attrlabl>
</attr>
<attr>
<attrlabl>TwoOrMore</attrlabl>
</attr>
<attr>
<attrlabl>Hisp_Lat</attrlabl>
</attr>
<attr>
<attrlabl>Male</attrlabl>
</attr>
<attr>
<attrlabl>Female</attrlabl>
</attr>
<attr>
<attrlabl>Total_Units</attrlabl>
</attr>
<attr>
<attrlabl>Occ_Occupied</attrlabl>
</attr>
<attr>
<attrlabl>Occ_Vacant</attrlabl>
</attr>
<attr>
<attrlabl>Tenure_Owner</attrlabl>
</attr>
<attr>
<attrlabl>Tenure_Renter</attrlabl>
</attr>
<attr>
<attrlabl>Vacant_ForRent</attrlabl>
</attr>
<attr>
<attrlabl>Vacant_ForSale</attrlabl>
</attr>
<attr>
<attrlabl>Vacant_Other_All</attrlabl>
</attr>
<attr>
<attrlabl>HH_Total</attrlabl>
</attr>
<attr>
<attrlabl>HH_Family</attrlabl>
</attr>
<attr>
<attrlabl>HH_Married</attrlabl>
</attr>
<attr>
<attrlabl>HH_OtherFamily</attrlabl>
</attr>
<attr>
<attrlabl>HH_Male_NoSpouse</attrlabl>
</attr>
<attr>
<attrlabl>HH_Female_NoSpouse</attrlabl>
</attr>
<attr>
<attrlabl>HH_NonFamily</attrlabl>
</attr>
<attr>
<attrlabl>HH_NonFamilyAlone</attrlabl>
</attr>
<attr>
<attrlabl>HH_NonFamilyNotAlone</attrlabl>
</attr>
<attr>
<attrlabl>HH18_With18</attrlabl>
</attr>
<attr>
<attrlabl>HH18_FamilyWith18</attrlabl>
</attr>
<attr>
<attrlabl>HH18_NonFamilyWith18</attrlabl>
</attr>
<attr>
<attrlabl>HH18_No18</attrlabl>
</attr>
<attr>
<attrlabl>HH18_FamilyNo18</attrlabl>
</attr>
<attr>
<attrlabl>HH18_NonFamilyNo18</attrlabl>
</attr>
<attr>
<attrlabl>Age_U5</attrlabl>
</attr>
<attr>
<attrlabl>Age_5_9</attrlabl>
</attr>
<attr>
<attrlabl>Age_10_14</attrlabl>
</attr>
<attr>
<attrlabl>Age_15_17</attrlabl>
</attr>
<attr>
<attrlabl>Age_18_21</attrlabl>
</attr>
<attr>
<attrlabl>Age_22_24</attrlabl>
</attr>
<attr>
<attrlabl>Age_25_29</attrlabl>
</attr>
<attr>
<attrlabl>Age_30_34</attrlabl>
</attr>
<attr>
<attrlabl>Age_35_39</attrlabl>
</attr>
<attr>
<attrlabl>Age_40_44</attrlabl>
</attr>
<attr>
<attrlabl>Age_45_49</attrlabl>
</attr>
<attr>
<attrlabl>Age_50_54</attrlabl>
</attr>
<attr>
<attrlabl>Age_55_59</attrlabl>
</attr>
<attr>
<attrlabl>Age_60_64</attrlabl>
</attr>
<attr>
<attrlabl>Age_65_69</attrlabl>
</attr>
<attr>
<attrlabl>Age_70_74</attrlabl>
</attr>
<attr>
<attrlabl>Age_75_79</attrlabl>
</attr>
<attr>
<attrlabl>Age_80_84</attrlabl>
</attr>
<attr>
<attrlabl>Age_85up</attrlabl>
</attr>
<attr>
<attrlabl>Med_Age</attrlabl>
</attr>
<attr>
<attrlabl>Med_Age_Male</attrlabl>
</attr>
<attr>
<attrlabl>Med_Age_Female</attrlabl>
</attr>
<attr>
<attrlabl>GlobalID</attrlabl>
</attr>
<attr>
<attrlabl>Shape_Length</attrlabl>
<attrdef>Length of feature in internal units.</attrdef>
<attrdefs>Esri</attrdefs>
<attrdomv>
<udom>Positive real numbers that are automatically generated.</udom>
</attrdomv>
</attr>
<attr>
<attrlabl>Shape_Area</attrlabl>
<attrdef>Area of feature in internal units squared.</attrdef>
<attrdefs>Esri</attrdefs>
<attrdomv>
<udom>Positive real numbers that are automatically generated.</udom>
</attrdomv>
</attr>
</detailed>
</eainfo>
<metainfo>
<metd>20260121</metd>
<metstdn>FGDC Content Standard for Digital Geospatial Metadata</metstdn>
<metstdv>FGDC-STD-001-1998</metstdv>
<mettc>local time</mettc>
</metainfo>
</metadata>
