<?xml version="1.0" encoding="UTF-8"?>
<metadata>
<idinfo>
<citation>
<citeinfo>
<title>Real_Property</title>
<geoform>vector digital data</geoform>
</citeinfo>
</citation>
<descript>
<abstract>This dataset represents real property information within a parcel of land in the City of Baltimore. The data dictionary for this dataset can be accessed by visiting the following link.: Data Dictionary For Real Property Information | Open Baltimore (baltimorecity.gov). Data is updated on a weekly basis.</abstract>
<purpose>This dataset represents real property information within a parcel of land in the City of Baltimore.</purpose>
</descript>
<spdom>
<bounding>
<westbc>-76.712018</westbc>
<eastbc>-76.528951</eastbc>
<northbc>39.372553</northbc>
<southbc>39.197203</southbc>
</bounding>
</spdom>
<keywords>
<theme>
<themekt>None</themekt>
<themekey>Geographic</themekey>
<themekey>Housing &amp; Development</themekey>
<themekey>Property</themekey>
<themekey>Real Property</themekey>
</theme>
</keywords>
<accconst>None</accconst>
<useconst>None</useconst>
<datacred>City of Baltimore</datacred>
<native>Esri ArcGIS 13.5.2.57366</native>
</idinfo>
<spdoinfo>
<direct>Vector</direct>
<ptvctinf>
<sdtsterm>
<sdtstype>GT-polygon composed of chains</sdtstype>
<ptvctcnt>0</ptvctcnt>
</sdtsterm>
</ptvctinf>
</spdoinfo>
<eainfo>
<detailed>
<enttyp>
<enttypl>Real_Property</enttypl>
</enttyp>
<attr>
<attrlabl>OBJECTID</attrlabl>
<attrdef>Internal feature number.</attrdef>
<attrdefs>Esri</attrdefs>
<attrdomv>
<udom>Sequential unique whole numbers that are automatically generated.</udom>
</attrdomv>
</attr>
<attr>
<attrlabl>Shape</attrlabl>
<attrdef>Feature geometry.</attrdef>
<attrdefs>Esri</attrdefs>
<attrdomv>
<udom>Coordinates defining the features.</udom>
</attrdomv>
</attr>
<attr>
<attrlabl>PIN</attrlabl>
</attr>
<attr>
<attrlabl>PINRELATE</attrlabl>
</attr>
<attr>
<attrlabl>BLOCKLOT</attrlabl>
</attr>
<attr>
<attrlabl>BLOCK</attrlabl>
</attr>
<attr>
<attrlabl>LOT</attrlabl>
</attr>
<attr>
<attrlabl>WARD</attrlabl>
</attr>
<attr>
<attrlabl>SECTION</attrlabl>
</attr>
<attr>
<attrlabl>ASSESSOR</attrlabl>
</attr>
<attr>
<attrlabl>TAXBASE</attrlabl>
</attr>
<attr>
<attrlabl>BFCVLAND</attrlabl>
</attr>
<attr>
<attrlabl>BFCVIMPR</attrlabl>
</attr>
<attr>
<attrlabl>LANDEXMP</attrlabl>
</attr>
<attr>
<attrlabl>IMPREXMP</attrlabl>
</attr>
<attr>
<attrlabl>CITYCRED</attrlabl>
</attr>
<attr>
<attrlabl>STATCRED</attrlabl>
</attr>
<attr>
<attrlabl>CCREDAMT</attrlabl>
</attr>
<attr>
<attrlabl>SCREDAMT</attrlabl>
</attr>
<attr>
<attrlabl>PERMHOME</attrlabl>
</attr>
<attr>
<attrlabl>ASSESGRP</attrlabl>
</attr>
<attr>
<attrlabl>LOT_SIZE</attrlabl>
</attr>
<attr>
<attrlabl>NO_IMPRV</attrlabl>
</attr>
<attr>
<attrlabl>CURRLAND</attrlabl>
</attr>
<attr>
<attrlabl>CURRIMPR</attrlabl>
</attr>
<attr>
<attrlabl>EXMPLAND</attrlabl>
</attr>
<attr>
<attrlabl>EXMPIMPR</attrlabl>
</attr>
<attr>
<attrlabl>FULLCASH</attrlabl>
</attr>
<attr>
<attrlabl>EXMPTYPE</attrlabl>
</attr>
<attr>
<attrlabl>EXMPCODE</attrlabl>
</attr>
<attr>
<attrlabl>USEGROUP</attrlabl>
</attr>
<attr>
<attrlabl>ZONECODE</attrlabl>
</attr>
<attr>
<attrlabl>SDATCODE</attrlabl>
</attr>
<attr>
<attrlabl>ARTAXBAS</attrlabl>
</attr>
<attr>
<attrlabl>DISTSWCH</attrlabl>
</attr>
<attr>
<attrlabl>DIST_ID</attrlabl>
</attr>
<attr>
<attrlabl>STATETAX</attrlabl>
</attr>
<attr>
<attrlabl>CITY_TAX</attrlabl>
</attr>
<attr>
<attrlabl>AR_OWNER</attrlabl>
</attr>
<attr>
<attrlabl>DEEDBOOK</attrlabl>
</attr>
<attr>
<attrlabl>DEEDPAGE</attrlabl>
</attr>
<attr>
<attrlabl>SALEDATE</attrlabl>
</attr>
<attr>
<attrlabl>OWNER_ABBR</attrlabl>
</attr>
<attr>
<attrlabl>OWNER_1</attrlabl>
</attr>
<attr>
<attrlabl>OWNER_2</attrlabl>
</attr>
<attr>
<attrlabl>OWNER_3</attrlabl>
</attr>
<attr>
<attrlabl>FULLADDR</attrlabl>
</attr>
<attr>
<attrlabl>STDIRPRE</attrlabl>
</attr>
<attr>
<attrlabl>ST_NAME</attrlabl>
</attr>
<attr>
<attrlabl>ST_TYPE</attrlabl>
</attr>
<attr>
<attrlabl>BLDG_NO</attrlabl>
</attr>
<attr>
<attrlabl>FRACTION</attrlabl>
</attr>
<attr>
<attrlabl>UNIT_NUM</attrlabl>
</attr>
<attr>
<attrlabl>SPAN_NUM</attrlabl>
</attr>
<attr>
<attrlabl>SPANFRAC</attrlabl>
</attr>
<attr>
<attrlabl>ZIP_CODE</attrlabl>
</attr>
<attr>
<attrlabl>EXTD_ZIP</attrlabl>
</attr>
<attr>
<attrlabl>DHCDUSE1</attrlabl>
</attr>
<attr>
<attrlabl>DHCDUSE2</attrlabl>
</attr>
<attr>
<attrlabl>DHCDUSE3</attrlabl>
</attr>
<attr>
<attrlabl>DHCDUSE4</attrlabl>
</attr>
<attr>
<attrlabl>DWELUNIT</attrlabl>
</attr>
<attr>
<attrlabl>EFF_UNIT</attrlabl>
</attr>
<attr>
<attrlabl>ROOMUNIT</attrlabl>
</attr>
<attr>
<attrlabl>RPDELTAG</attrlabl>
</attr>
<attr>
<attrlabl>RESPAGCY</attrlabl>
</attr>
<attr>
<attrlabl>SALEPRIC</attrlabl>
</attr>
<attr>
<attrlabl>PROPDESC</attrlabl>
</attr>
<attr>
<attrlabl>NEIGHBOR</attrlabl>
</attr>
<attr>
<attrlabl>SRVCCNTR</attrlabl>
</attr>
<attr>
<attrlabl>YEAR_BUILD</attrlabl>
</attr>
<attr>
<attrlabl>STRUCTAREA</attrlabl>
</attr>
<attr>
<attrlabl>LDATE</attrlabl>
</attr>
<attr>
<attrlabl>OWNMDE</attrlabl>
</attr>
<attr>
<attrlabl>GRNDRENT</attrlabl>
</attr>
<attr>
<attrlabl>SUBTYPE_GEODB</attrlabl>
</attr>
<attr>
<attrlabl>SDATLINK</attrlabl>
</attr>
<attr>
<attrlabl>BLOCKPLAT</attrlabl>
</attr>
<attr>
<attrlabl>MAILTOADD</attrlabl>
</attr>
<attr>
<attrlabl>VACIND</attrlabl>
</attr>
<attr>
<attrlabl>Shape_Length</attrlabl>
<attrdef>Length of feature in internal units.</attrdef>
<attrdefs>Esri</attrdefs>
<attrdomv>
<udom>Positive real numbers that are automatically generated.</udom>
</attrdomv>
</attr>
<attr>
<attrlabl>Shape_Area</attrlabl>
<attrdef>Area of feature in internal units squared.</attrdef>
<attrdefs>Esri</attrdefs>
<attrdomv>
<udom>Positive real numbers that are automatically generated.</udom>
</attrdomv>
</attr>
</detailed>
</eainfo>
<metainfo>
<metd>20260116</metd>
<metstdn>FGDC Content Standard for Digital Geospatial Metadata</metstdn>
<metstdv>FGDC-STD-001-1998</metstdv>
<mettc>local time</mettc>
</metainfo>
</metadata>
