<?xml version="1.0" encoding="UTF-8"?>
<metadata>
<idinfo>
<citation>
<citeinfo>
<title>Street_Centerline</title>
<geoform>vector digital data</geoform>
</citeinfo>
</citation>
<descript>
<abstract>A spatial data layer containing line geometry features for representing the center line of roadways in Baltimore City, as documented in the City's enterprise GIS database and Department of Transportation right-of-way data sources. The data contains information on street address ranges, speed limits, one-way designations, street alias (a.k.a.) names, snow routes, and many other street related data. The data employs what's referred to as the City native schema/data standard, which has specific attribute field names, field formats, and data standards to support internal City services. The data contained in this data layer (number of features, accuracy, locations) will match the data in the other street centerline layer on Open Baltimore (“Street Centerline (NG911)”), just the format of the attribute field names and data standards will be different, as well as some internal City attributes fields have been added to support internal City services not related to a NG911 system. This data also employs the NAD 1983 StatePlane Maryland FIPS 1900 (US Feet) projected coordinate system (WKID: 2248). The data dictionary for this dataset can be accessed by visiting the following link.: Street Centerline (Native) Schema Data Dictionary | Open Baltimore (baltimorecity.gov). Data is updated on a quarterly basis.</abstract>
<purpose>A spatial data layer containing the line geometry features for representing the center line of roadways in Baltimore City, in the City native schema/data standard.</purpose>
</descript>
<keywords>
<theme>
<themekt>None</themekt>
<themekey>City Government</themekey>
<themekey>Geographic</themekey>
<themekey>Geo Spatial</themekey>
<themekey>City Services</themekey>
<themekey>Transportation</themekey>
<themekey>Street</themekey>
</theme>
</keywords>
<accconst>None</accconst>
<useconst>None</useconst>
<datacred>City of Baltimore</datacred>
<native>Esri ArcGIS 13.5.2.57366</native>
</idinfo>
<spdoinfo>
<direct>Vector</direct>
<ptvctinf>
<sdtsterm>
<sdtstype>String</sdtstype>
<ptvctcnt>0</ptvctcnt>
</sdtsterm>
</ptvctinf>
</spdoinfo>
<eainfo>
<detailed>
<enttyp>
<enttypl>Street_Centerline</enttypl>
</enttyp>
<attr>
<attrlabl>OBJECTID</attrlabl>
<attrdef>Internal feature number.</attrdef>
<attrdefs>Esri</attrdefs>
<attrdomv>
<udom>Sequential unique whole numbers that are automatically generated.</udom>
</attrdomv>
</attr>
<attr>
<attrlabl>Shape</attrlabl>
<attrdef>Feature geometry.</attrdef>
<attrdefs>Esri</attrdefs>
<attrdomv>
<udom>Coordinates defining the features.</udom>
</attrdomv>
</attr>
<attr>
<attrlabl>edit_date</attrlabl>
</attr>
<attr>
<attrlabl>fraddl</attrlabl>
</attr>
<attr>
<attrlabl>toaddl</attrlabl>
</attr>
<attr>
<attrlabl>fraddr</attrlabl>
</attr>
<attr>
<attrlabl>toaddr</attrlabl>
</attr>
<attr>
<attrlabl>parity_l</attrlabl>
</attr>
<attr>
<attrlabl>parity_r</attrlabl>
</attr>
<attr>
<attrlabl>dirpre</attrlabl>
</attr>
<attr>
<attrlabl>feanme</attrlabl>
</attr>
<attr>
<attrlabl>featype</attrlabl>
</attr>
<attr>
<attrlabl>dirsuf</attrlabl>
</attr>
<attr>
<attrlabl>country_l</attrlabl>
</attr>
<attr>
<attrlabl>country_r</attrlabl>
</attr>
<attr>
<attrlabl>state_l</attrlabl>
</attr>
<attr>
<attrlabl>state_r</attrlabl>
</attr>
<attr>
<attrlabl>county_l</attrlabl>
</attr>
<attr>
<attrlabl>county_r</attrlabl>
</attr>
<attr>
<attrlabl>incmuni_l</attrlabl>
</attr>
<attr>
<attrlabl>incmuni_r</attrlabl>
</attr>
<attr>
<attrlabl>leftzip</attrlabl>
</attr>
<attr>
<attrlabl>rightzip</attrlabl>
</attr>
<attr>
<attrlabl>external_nguid</attrlabl>
</attr>
<attr>
<attrlabl>created_user</attrlabl>
</attr>
<attr>
<attrlabl>created_date</attrlabl>
</attr>
<attr>
<attrlabl>last_edited_user</attrlabl>
</attr>
<attr>
<attrlabl>last_edited_date</attrlabl>
</attr>
<attr>
<attrlabl>cline_id</attrlabl>
</attr>
<attr>
<attrlabl>tag</attrlabl>
</attr>
<attr>
<attrlabl>last_org</attrlabl>
</attr>
<attr>
<attrlabl>capture_method</attrlabl>
</attr>
<attr>
<attrlabl>last_user</attrlabl>
</attr>
<attr>
<attrlabl>edit_type</attrlabl>
</attr>
<attr>
<attrlabl>subtype</attrlabl>
</attr>
<attr>
<attrlabl>feat_status</attrlabl>
</attr>
<attr>
<attrlabl>fr_street</attrlabl>
</attr>
<attr>
<attrlabl>to_street</attrlabl>
</attr>
<attr>
<attrlabl>travel_direction</attrlabl>
</attr>
<attr>
<attrlabl>fr_speed_limit</attrlabl>
</attr>
<attr>
<attrlabl>to_speed_limit</attrlabl>
</attr>
<attr>
<attrlabl>fraddla</attrlabl>
</attr>
<attr>
<attrlabl>toaddla</attrlabl>
</attr>
<attr>
<attrlabl>fraddra</attrlabl>
</attr>
<attr>
<attrlabl>toaddra</attrlabl>
</attr>
<attr>
<attrlabl>city_code</attrlabl>
</attr>
<attr>
<attrlabl>id_prefix</attrlabl>
</attr>
<attr>
<attrlabl>id_rte_no</attrlabl>
</attr>
<attr>
<attrlabl>routeid_sha</attrlabl>
</attr>
<attr>
<attrlabl>tsd_id</attrlabl>
</attr>
<attr>
<attrlabl>sha_class</attrlabl>
</attr>
<attr>
<attrlabl>func_class</attrlabl>
</attr>
<attr>
<attrlabl>route_type</attrlabl>
</attr>
<attr>
<attrlabl>route_number</attrlabl>
</attr>
<attr>
<attrlabl>miles</attrlabl>
</attr>
<attr>
<attrlabl>block_num</attrlabl>
</attr>
<attr>
<attrlabl>blocktext</attrlabl>
</attr>
<attr>
<attrlabl>flag</attrlabl>
</attr>
<attr>
<attrlabl>evac_route</attrlabl>
</attr>
<attr>
<attrlabl>comments</attrlabl>
</attr>
<attr>
<attrlabl>drivable</attrlabl>
</attr>
<attr>
<attrlabl>geofile_2d</attrlabl>
</attr>
<attr>
<attrlabl>docpopurl</attrlabl>
</attr>
<attr>
<attrlabl>RCL_Appendix_external_nguid</attrlabl>
</attr>
<attr>
<attrlabl>stcl_ALIAS_external_nguid</attrlabl>
</attr>
<attr>
<attrlabl>stcl_ALIAS_cline_id</attrlabl>
</attr>
<attr>
<attrlabl>stcl_ALIAS_tag</attrlabl>
</attr>
<attr>
<attrlabl>alias_name</attrlabl>
</attr>
<attr>
<attrlabl>alias_1</attrlabl>
</attr>
<attr>
<attrlabl>alias_2</attrlabl>
</attr>
<attr>
<attrlabl>alias_3</attrlabl>
</attr>
<attr>
<attrlabl>stcl_DOT_BASIC_external_nguid</attrlabl>
</attr>
<attr>
<attrlabl>stcl_DOT_BASIC_cline_id</attrlabl>
</attr>
<attr>
<attrlabl>stcl_DOT_BASIC_tag</attrlabl>
</attr>
<attr>
<attrlabl>percent_grade</attrlabl>
</attr>
<attr>
<attrlabl>from_intersection_id</attrlabl>
</attr>
<attr>
<attrlabl>to_intersection_id</attrlabl>
</attr>
<attr>
<attrlabl>transport_sector</attrlabl>
</attr>
<attr>
<attrlabl>official_street_designation</attrlabl>
</attr>
<attr>
<attrlabl>street_ownership</attrlabl>
</attr>
<attr>
<attrlabl>street_maintenance</attrlabl>
</attr>
<attr>
<attrlabl>sha_id</attrlabl>
</attr>
<attr>
<attrlabl>traffic_count_aadt</attrlabl>
</attr>
<attr>
<attrlabl>traffic_count_year</attrlabl>
</attr>
<attr>
<attrlabl>stcl_DOT_PROFILE_external_nguid</attrlabl>
</attr>
<attr>
<attrlabl>stcl_DOT_PROFILE_cline_id</attrlabl>
</attr>
<attr>
<attrlabl>stcl_DOT_PROFILE_tag</attrlabl>
</attr>
<attr>
<attrlabl>row_width</attrlabl>
</attr>
<attr>
<attrlabl>street_width</attrlabl>
</attr>
<attr>
<attrlabl>lane_count</attrlabl>
</attr>
<attr>
<attrlabl>median_present</attrlabl>
</attr>
<attr>
<attrlabl>median_type</attrlabl>
</attr>
<attr>
<attrlabl>median_turn_lane_present</attrlabl>
</attr>
<attr>
<attrlabl>shoulder_present</attrlabl>
</attr>
<attr>
<attrlabl>ft_shoulder_type</attrlabl>
</attr>
<attr>
<attrlabl>ft_shoulder_width</attrlabl>
</attr>
<attr>
<attrlabl>tf_shoulder_type</attrlabl>
</attr>
<attr>
<attrlabl>tf_shoulder_width</attrlabl>
</attr>
<attr>
<attrlabl>stcl_EGIS_SNOW_external_nguid</attrlabl>
</attr>
<attr>
<attrlabl>stcl_EGIS_SNOW_cline_id</attrlabl>
</attr>
<attr>
<attrlabl>stcl_EGIS_SNOW_tag</attrlabl>
</attr>
<attr>
<attrlabl>snowrt_type</attrlabl>
</attr>
<attr>
<attrlabl>snowrt_class</attrlabl>
</attr>
<attr>
<attrlabl>zone_no</attrlabl>
</attr>
<attr>
<attrlabl>area_no</attrlabl>
</attr>
<attr>
<attrlabl>overlay_zn</attrlabl>
</attr>
<attr>
<attrlabl>overlay_rt</attrlabl>
</attr>
<attr>
<attrlabl>snwemrte</attrlabl>
</attr>
<attr>
<attrlabl>timeres_1_snwemrte</attrlabl>
</attr>
<attr>
<attrlabl>timeres_2_snwemrte</attrlabl>
</attr>
<attr>
<attrlabl>tandem_rte</attrlabl>
</attr>
<attr>
<attrlabl>new_rte_cla</attrlabl>
</attr>
<attr>
<attrlabl>recordid</attrlabl>
</attr>
<attr>
<attrlabl>new_rte_type</attrlabl>
</attr>
<attr>
<attrlabl>rtid</attrlabl>
</attr>
<attr>
<attrlabl>stcl_MAVERICK_external_nguid</attrlabl>
</attr>
<attr>
<attrlabl>stcl_MAVERICK_cline_id</attrlabl>
</attr>
<attr>
<attrlabl>stcl_MAVERICK_tag</attrlabl>
</attr>
<attr>
<attrlabl>city_l</attrlabl>
</attr>
<attr>
<attrlabl>city_r</attrlabl>
</attr>
<attr>
<attrlabl>map_l</attrlabl>
</attr>
<attr>
<attrlabl>map_r</attrlabl>
</attr>
<attr>
<attrlabl>lim_access</attrlabl>
</attr>
<attr>
<attrlabl>lar_dir</attrlabl>
</attr>
<attr>
<attrlabl>ft_cost</attrlabl>
</attr>
<attr>
<attrlabl>tf_cost</attrlabl>
</attr>
<attr>
<attrlabl>f_elev</attrlabl>
</attr>
<attr>
<attrlabl>t_elev</attrlabl>
</attr>
<attr>
<attrlabl>oneway</attrlabl>
</attr>
<attr>
<attrlabl>speed</attrlabl>
</attr>
<attr>
<attrlabl>lowlarrel</attrlabl>
</attr>
<attr>
<attrlabl>highlarrel</attrlabl>
</attr>
<attr>
<attrlabl>prd_l</attrlabl>
</attr>
<attr>
<attrlabl>prd_r</attrlabl>
</attr>
<attr>
<attrlabl>frd_l</attrlabl>
</attr>
<attr>
<attrlabl>frd_r</attrlabl>
</attr>
<attr>
<attrlabl>p_mod_lft</attrlabl>
</attr>
<attr>
<attrlabl>p_mod_rt</attrlabl>
</attr>
<attr>
<attrlabl>f_mod_lft</attrlabl>
</attr>
<attr>
<attrlabl>f_mod_rt</attrlabl>
</attr>
<attr>
<attrlabl>adc_map</attrlabl>
</attr>
<attr>
<attrlabl>cad_feaname</attrlabl>
</attr>
<attr>
<attrlabl>cad_fullnme</attrlabl>
</attr>
<attr>
<attrlabl>time</attrlabl>
</attr>
<attr>
<attrlabl>Shape_Length</attrlabl>
<attrdef>Length of feature in internal units.</attrdef>
<attrdefs>Esri</attrdefs>
<attrdomv>
<udom>Positive real numbers that are automatically generated.</udom>
</attrdomv>
</attr>
</detailed>
</eainfo>
<metainfo>
<metd>20260116</metd>
<metstdn>FGDC Content Standard for Digital Geospatial Metadata</metstdn>
<metstdv>FGDC-STD-001-1998</metstdv>
<mettc>local time</mettc>
</metainfo>
</metadata>
