<?xml version="1.0" encoding="UTF-8"?>
<metadata>
<idinfo>
<citation>
<citeinfo>
<title>subway_station</title>
<geoform>vector digital data</geoform>
</citeinfo>
</citation>
<descript>
<purpose>This data represents the locations of subway stations in Baltimore City.</purpose>
</descript>
<keywords>
<theme>
<themekt>None</themekt>
<themekey>Subway</themekey>
<themekey>Station</themekey>
<themekey>Transportation</themekey>
<themekey>DOT</themekey>
</theme>
</keywords>
<accconst>None</accconst>
<useconst>None</useconst>
<datacred>City of Baltimore</datacred>
<native>Esri ArcGIS 13.5.2.57366</native>
</idinfo>
<spdoinfo>
<direct>Vector</direct>
<ptvctinf>
<sdtsterm>
<sdtstype>Entity point</sdtstype>
<ptvctcnt>0</ptvctcnt>
</sdtsterm>
</ptvctinf>
</spdoinfo>
<eainfo>
<detailed>
<enttyp>
<enttypl>subway_station</enttypl>
</enttyp>
<attr>
<attrlabl>OBJECTID</attrlabl>
<attrdef>Internal feature number.</attrdef>
<attrdefs>ESRI</attrdefs>
<attrdomv>
<udom>Sequential unique whole numbers that are automatically generated.</udom>
</attrdomv>
</attr>
<attr>
<attrlabl>Shape</attrlabl>
<attrdef>Feature geometry.</attrdef>
<attrdefs>ESRI</attrdefs>
<attrdomv>
<udom>Coordinates defining the features.</udom>
</attrdomv>
</attr>
<attr>
<attrlabl>SUBWYSTA_</attrlabl>
</attr>
<attr>
<attrlabl>SUBWYSTA_I</attrlabl>
</attr>
<attr>
<attrlabl>NAME</attrlabl>
</attr>
<attr>
<attrlabl>ADDRESS</attrlabl>
</attr>
<attr>
<attrlabl>TO_OWINGS_</attrlabl>
</attr>
<attr>
<attrlabl>TO_OLD_COU</attrlabl>
</attr>
<attr>
<attrlabl>TO_MILFORD</attrlabl>
</attr>
<attr>
<attrlabl>TO_REISTER</attrlabl>
</attr>
<attr>
<attrlabl>TO_ROGERS_</attrlabl>
</attr>
<attr>
<attrlabl>TO_WEST_CO</attrlabl>
</attr>
<attr>
<attrlabl>TO_MONDAWM</attrlabl>
</attr>
<attr>
<attrlabl>TO_PENN___</attrlabl>
</attr>
<attr>
<attrlabl>TO_UPTON</attrlabl>
</attr>
<attr>
<attrlabl>TO_LEXINGT</attrlabl>
</attr>
<attr>
<attrlabl>TO_CHARLES</attrlabl>
</attr>
<attr>
<attrlabl>TO_STATE_C</attrlabl>
</attr>
<attr>
<attrlabl>TO_SHOT_TO</attrlabl>
<attrdef>Internal feature number.</attrdef>
<attrdefs>Esri</attrdefs>
<attrdomv>
<udom>Sequential unique whole numbers that are automatically generated.</udom>
</attrdomv>
</attr>
<attr>
<attrlabl>ObjectID</attrlabl>
<attrdef>Internal feature number.</attrdef>
<attrdefs>ESRI</attrdefs>
<attrdomv>
<udom>Sequential unique whole numbers that are automatically generated.</udom>
</attrdomv>
</attr>
<attr>
<attrlabl>last_edited_date</attrlabl>
</attr>
<attr>
<attrlabl>TO_JOHN_HO</attrlabl>
<attrdef>Internal feature number.</attrdef>
<attrdefs>ESRI</attrdefs>
<attrdomv>
<udom>Sequential unique whole numbers that are automatically generated.</udom>
</attrdomv>
</attr>
<attr>
<attrlabl>URL</attrlabl>
</attr>
<attr>
<attrlabl>created_user</attrlabl>
</attr>
<attr>
<attrlabl>created_date</attrlabl>
</attr>
<attr>
<attrlabl>last_edited_user</attrlabl>
</attr>
</detailed>
<detailed>
<enttyp>
<enttypl>Anno_217_417</enttypl>
</enttyp>
</detailed>
</eainfo>
<distinfo>
<distliab>See access and use constraints information.</distliab>
<stdorder>
<digform>
<digtinfo>
<formname>SDE Feature Class</formname>
</digtinfo>
<digtopt>
<onlinopt>
</onlinopt>
</digtopt>
</digform>
</stdorder>
</distinfo>
<metainfo>
<metd>20260121</metd>
<metstdn>FGDC Content Standard for Digital Geospatial Metadata</metstdn>
<metstdv>FGDC-STD-001-1998</metstdv>
<mettc>local time</mettc>
</metainfo>
</metadata>
