<?xml version="1.0" encoding="UTF-8"?>
<metadata>
<idinfo>
<citation>
<citeinfo>
<title>Transportation_Sectors</title>
<geoform>vector digital data</geoform>
</citeinfo>
</citation>
<descript>
<abstract>This data represents the transportation sectors used by the City of Baltimore's Department of Transportation, and is used for general mapping/analysis purposes. The contact information provided with this feature class is for each sectors Transportation Liaison. The liaison's are housed in the Department of Transportations Planning Division.</abstract>
<purpose>This data represents the transportation sectors used by the City of Baltimore's Department of Transportation.</purpose>
</descript>
<keywords>
<theme>
<themekt>None</themekt>
<themekey>Boundary</themekey>
<themekey>Transportation</themekey>
<themekey>Sector</themekey>
<themekey>DOT</themekey>
<themekey>Planning</themekey>
</theme>
</keywords>
<accconst>None</accconst>
<useconst>None</useconst>
<datacred>City of Baltimore, Department of Transportation (DOT)</datacred>
<native>Esri ArcGIS 13.5.2.57366</native>
</idinfo>
<spdoinfo>
<direct>Vector</direct>
<ptvctinf>
<sdtsterm>
<sdtstype>GT-polygon composed of chains</sdtstype>
<ptvctcnt>0</ptvctcnt>
</sdtsterm>
</ptvctinf>
</spdoinfo>
<eainfo>
<detailed>
<enttyp>
<enttypl>Transportation_Sectors</enttypl>
<enttypd>Transportation Sectors used by Baltimore City DOT</enttypd>
<enttypds>City of Baltimore</enttypds>
</enttyp>
<attr>
<attrlabl>OBJECTID</attrlabl>
<attrdef>Internal feature number.</attrdef>
<attrdefs>ESRI</attrdefs>
<attrdomv>
<udom>Sequential unique whole numbers that are automatically generated.</udom>
</attrdomv>
</attr>
<attr>
<attrlabl>Shape</attrlabl>
<attrdef>Feature geometry.</attrdef>
<attrdefs>ESRI</attrdefs>
<attrdomv>
<udom>Coordinates defining the features.</udom>
</attrdomv>
</attr>
<attr>
<attrlabl>SHAPE</attrlabl>
<attrdef>Feature geometry.</attrdef>
<attrdefs>ESRI</attrdefs>
<attrdomv>
<udom>Coordinates defining the features.</udom>
</attrdomv>
</attr>
<attr>
<attrlabl>GIS_ID</attrlabl>
<attrdef>A unique feature identifier used in the City of Baltimore's Enterprise Geographic Information System</attrdef>
<attrdefs>EGIS</attrdefs>
</attr>
<attr>
<attrlabl>FTYPE</attrlabl>
<attrdef>The type of feature</attrdef>
<attrdefs>EGIS</attrdefs>
</attr>
<attr>
<attrlabl>AREA_NAME</attrlabl>
<attrdef>Name of the area</attrdef>
<attrdefs>EGIS</attrdefs>
</attr>
<attr>
<attrlabl>AREA_NMBR</attrlabl>
</attr>
<attr>
<attrlabl>AREA_ABBR</attrlabl>
</attr>
<attr>
<attrlabl>AREA_TYPE</attrlabl>
<attrdef>The type of area, zone, region, neighborhood, etc</attrdef>
<attrdefs>EGIS</attrdefs>
</attr>
<attr>
<attrlabl>ACRE</attrlabl>
</attr>
<attr>
<attrlabl>CNTCT_NME</attrlabl>
</attr>
<attr>
<attrlabl>CNTCT_DPT</attrlabl>
</attr>
<attr>
<attrlabl>CNTCT_PHN</attrlabl>
</attr>
<attr>
<attrlabl>CNTCT_EML</attrlabl>
</attr>
<attr>
<attrlabl>CNTCT_ADDR</attrlabl>
</attr>
<attr>
<attrlabl>CNTCT_ADDR2</attrlabl>
</attr>
<attr>
<attrlabl>CNTCT_CITY</attrlabl>
</attr>
<attr>
<attrlabl>CNTCT_STATE</attrlabl>
</attr>
<attr>
<attrlabl>HALF</attrlabl>
<attrdef>Length of feature in internal units.</attrdef>
<attrdefs>ESRI</attrdefs>
<attrdomv>
<udom>Positive real numbers that are automatically generated.</udom>
</attrdomv>
</attr>
<attr>
<attrlabl>SHAPE_Length</attrlabl>
<attrdef>Length of feature in internal units.</attrdef>
<attrdefs>Esri</attrdefs>
<attrdomv>
<udom>Positive real numbers that are automatically generated.</udom>
</attrdomv>
</attr>
<attr>
<attrlabl>SHAPE_Area</attrlabl>
<attrdef>Area of feature in internal units squared.</attrdef>
<attrdefs>Esri</attrdefs>
<attrdomv>
<udom>Positive real numbers that are automatically generated.</udom>
</attrdomv>
</attr>
<attr>
<attrlabl>CNTCT_ZIP</attrlabl>
<attrdef>Area of feature in internal units squared.</attrdef>
<attrdefs>ESRI</attrdefs>
<attrdomv>
<udom>Positive real numbers that are automatically generated.</udom>
</attrdomv>
</attr>
</detailed>
</eainfo>
<distinfo>
<distliab>See access and use constraints information.</distliab>
<stdorder>
<digform>
<digtinfo>
<formname>SDE Feature Class</formname>
<transize>0.005</transize>
</digtinfo>
<digtopt>
<onlinopt>
</onlinopt>
</digtopt>
</digform>
</stdorder>
</distinfo>
<metainfo>
<metd>20260121</metd>
<metstdn>FGDC Content Standard for Digital Geospatial Metadata</metstdn>
<metstdv>FGDC-STD-001-1998</metstdv>
<mettc>local time</mettc>
</metainfo>
</metadata>
