<?xml version="1.0" encoding="UTF-8"?>
<metadata>
<idinfo>
<citation>
<citeinfo>
<title>Zoning</title>
<geoform>vector digital data</geoform>
</citeinfo>
</citation>
<descript>
<purpose>This dataset represents the zoning districts as defined by the City's Department of Planning. For questions related to zoning designations or processes please reach out to the City City's Zoning Board https://zoning.baltimorecity.gov/</purpose>
</descript>
<keywords>
<theme>
<themekt>None</themekt>
<themekey>Planning</themekey>
<themekey>Housing &amp; Development</themekey>
<themekey>Zoning</themekey>
<themekey>Districts</themekey>
<themekey>Economics</themekey>
<themekey>Geographic</themekey>
</theme>
</keywords>
<accconst>None</accconst>
<useconst>None</useconst>
<datacred>City of Baltimore. Department of Planning (DOP)</datacred>
<native>Esri ArcGIS 13.5.2.57366</native>
</idinfo>
<spdoinfo>
<direct>Vector</direct>
<ptvctinf>
<sdtsterm>
<sdtstype>GT-polygon composed of chains</sdtstype>
<ptvctcnt>0</ptvctcnt>
</sdtsterm>
</ptvctinf>
</spdoinfo>
<eainfo>
<detailed>
<enttyp>
<enttypl>Zoning</enttypl>
</enttyp>
<attr>
<attrlabl>OBJECTID_1</attrlabl>
<attrdef>Internal feature number.</attrdef>
<attrdefs>Esri</attrdefs>
<attrdomv>
<udom>Sequential unique whole numbers that are automatically generated.</udom>
</attrdomv>
</attr>
<attr>
<attrlabl>OBJECTID</attrlabl>
<attrdef>Internal feature number.</attrdef>
<attrdefs>Esri</attrdefs>
<attrdomv>
<udom>Sequential unique whole numbers that are automatically generated.</udom>
</attrdomv>
</attr>
<attr>
<attrlabl>Shape</attrlabl>
<attrdef>Feature geometry.</attrdef>
<attrdefs>Esri</attrdefs>
<attrdomv>
<udom>Coordinates defining the features.</udom>
</attrdomv>
</attr>
<attr>
<attrlabl>overlay</attrlabl>
</attr>
<attr>
<attrlabl>Label</attrlabl>
</attr>
<attr>
<attrlabl>Shape_Leng</attrlabl>
</attr>
<attr>
<attrlabl>URL</attrlabl>
</attr>
<attr>
<attrlabl>Zoning</attrlabl>
</attr>
<attr>
<attrlabl>created_user</attrlabl>
</attr>
<attr>
<attrlabl>created_date</attrlabl>
</attr>
<attr>
<attrlabl>last_edited_user</attrlabl>
</attr>
<attr>
<attrlabl>last_edited_date</attrlabl>
</attr>
<attr>
<attrlabl>Shape_Length</attrlabl>
<attrdef>Length of feature in internal units.</attrdef>
<attrdefs>Esri</attrdefs>
<attrdomv>
<udom>Positive real numbers that are automatically generated.</udom>
</attrdomv>
</attr>
<attr>
<attrlabl>Shape_Area</attrlabl>
<attrdef>Area of feature in internal units squared.</attrdef>
<attrdefs>Esri</attrdefs>
<attrdomv>
<udom>Positive real numbers that are automatically generated.</udom>
</attrdomv>
</attr>
</detailed>
</eainfo>
<metainfo>
<metd>20260121</metd>
<metstdn>FGDC Content Standard for Digital Geospatial Metadata</metstdn>
<metstdv>FGDC-STD-001-1998</metstdv>
<mettc>local time</mettc>
</metainfo>
</metadata>
